Issue Type,Summary,Description,Epic Name,Epic Link,Priority,Components,Labels,Labels,Labels,Status
Epic,Account Access,Epic 1.A Account Access — Authentication & Onboarding module.,1.A Account Access,,,Authentication & Onboarding,MVP,epic,,To Do
Epic,Operation Setup Wizard,Epic 1.B Operation Setup Wizard — Authentication & Onboarding module.,1.B Operation Setup Wizard,,,Authentication & Onboarding,MVP,epic,,To Do
Epic,Initial Roster Import,Epic 1.C Initial Roster Import — Authentication & Onboarding module.,1.C Initial Roster Import,,,Authentication & Onboarding,MVP,epic,,To Do
Epic,Plan Selection,Epic 2.A Plan Selection — Subscription & Billing module.,2.A Plan Selection,,,Subscription & Billing,MVP,epic,,To Do
Epic,Checkout & Payment,Epic 2.B Checkout & Payment — Subscription & Billing module.,2.B Checkout & Payment,,,Subscription & Billing,MVP,epic,,To Do
Epic,Usage Limits & Upgrades,Epic 2.C Usage Limits & Upgrades — Subscription & Billing module.,2.C Usage Limits & Upgrades,,,Subscription & Billing,MVP,epic,,To Do
Epic,Roster & Search,Epic 3.A Roster & Search — Inventory Management module.,3.A Roster & Search,,,Inventory Management,MVP,epic,,To Do
Epic,Add & Edit Animals,Epic 3.B Add & Edit Animals — Inventory Management module.,3.B Add & Edit Animals,,,Inventory Management,MVP,epic,,To Do
Epic,Animal Profile (System of Record),Epic 3.C Animal Profile (System of Record) — Inventory Management module.,3.C Animal Profile (System of Record),,,Inventory Management,MVP,epic,,To Do
Epic,Bulk Import,Epic 3.D Bulk Import — Inventory Management module.,3.D Bulk Import,,,Inventory Management,MVP,epic,,To Do
Epic,Bulk Actions & Lifecycle,Epic 3.E Bulk Actions & Lifecycle — Inventory Management module.,3.E Bulk Actions & Lifecycle,,,Inventory Management,MVP,epic,,To Do
Epic,Capture & Upload,Epic 4.A Capture & Upload — Media Management module.,4.A Capture & Upload,,,Media Management,MVP,epic,,To Do
Epic,Offline Reliability,Epic 4.B Offline Reliability — Media Management module.,4.B Offline Reliability,,,Media Management,MVP,epic,,To Do
Epic,Organize & Find,Epic 4.C Organize & Find — Media Management module.,4.C Organize & Find,,,Media Management,MVP,epic,,To Do
Epic,Comments,Epic 4.D Comments — Media Management module.,4.D Comments,,,Media Management,MVP,epic,,To Do
Epic,Home Dashboard,Epic 5.A Home Dashboard — Dashboard & Notifications module.,5.A Home Dashboard,,,Dashboard & Notifications,MVP,epic,,To Do
Epic,Stakeholder Notifications,Epic 5.B Stakeholder Notifications — Dashboard & Notifications module.,5.B Stakeholder Notifications,,,Dashboard & Notifications,MVP,epic,,To Do
Epic,Event Roster,Epic 6.A Event Roster — Events & Competitions module.,6.A Event Roster,,,Events & Competitions,MVP,epic,,To Do
Epic,Competition Tracking,Epic 6.B Competition Tracking — Events & Competitions module.,6.B Competition Tracking,,,Events & Competitions,MVP,epic,,To Do
Epic,Profile & Location,Epic 7.A Profile & Location — Settings & Configuration module.,7.A Profile & Location,,,Settings & Configuration,MVP,epic,,To Do
Epic,Roster Taxonomy,Epic 7.B Roster Taxonomy — Settings & Configuration module.,7.B Roster Taxonomy,,,Settings & Configuration,MVP,epic,,To Do
Epic,Partners & Permissions,Epic 7.C Partners & Permissions — Settings & Configuration module.,7.C Partners & Permissions,,,Settings & Configuration,MVP,epic,,To Do
Epic,Subscription Management,Epic 7.D Subscription Management — Settings & Configuration module.,7.D Subscription Management,,,Settings & Configuration,MVP,epic,,To Do
Story,"[S1] As a new user, I want to create an account with my email and a password, so that I can start using the product.","As a new user, I want to create an account with my email and a password, so that I can start using the product.  ||  Module: Authentication & Onboarding | Epic: 1.A Account Access | PRD Story #1 | Must-have",,1.A Account Access,High,Authentication & Onboarding,MVP,Must,PRD-S1,To Do
Story,"[S2] As a returning user, I want to log in and log out reliably on web and mobile, so that my data stays protected.","As a returning user, I want to log in and log out reliably on web and mobile, so that my data stays protected.  ||  Module: Authentication & Onboarding | Epic: 1.A Account Access | PRD Story #2 | Must-have",,1.A Account Access,High,Authentication & Onboarding,MVP,Must,PRD-S2,To Do
Story,"[S3] As a user, I want to sign up or log in with my Google account, so that I don't have to manage another password.","As a user, I want to sign up or log in with my Google account, so that I don't have to manage another password.  ||  Module: Authentication & Onboarding | Epic: 1.A Account Access | PRD Story #3 | Must-have",,1.A Account Access,High,Authentication & Onboarding,MVP,Must,PRD-S3,To Do
Story,"[S4] As a user, I want to reset my password if I forget it, so that I'm never locked out.","As a user, I want to reset my password if I forget it, so that I'm never locked out.  ||  Module: Authentication & Onboarding | Epic: 1.A Account Access | PRD Story #4 | Must-have",,1.A Account Access,High,Authentication & Onboarding,MVP,Must,PRD-S4,To Do
Story,"[S5] As a user, I want my session to stay stable across normal daily use, so that I'm not repeatedly logged out in the field.","As a user, I want my session to stay stable across normal daily use, so that I'm not repeatedly logged out in the field.  ||  Module: Authentication & Onboarding | Epic: 1.A Account Access | PRD Story #5 | Must-have",,1.A Account Access,High,Authentication & Onboarding,MVP,Must,PRD-S5,To Do
Story,"[S101] As a user, I want to sign up or log in with my Apple account, so that I have a native option on iOS.","As a user, I want to sign up or log in with my Apple account, so that I have a native option on iOS. *(Added per Solution Lab 4 + Technical Considerations; previously deferred.)*  ||  Module: Authentication & Onboarding | Epic: 1.A Account Access | PRD Story #101 | Must-have",,1.A Account Access,High,Authentication & Onboarding,MVP,Must,PRD-S101,To Do
Story,"[S6] As a user, I want a ""Remember me"" option on login, so that I stay signed in on my own device.","As a user, I want a ""Remember me"" option on login, so that I stay signed in on my own device.  ||  Module: Authentication & Onboarding | Epic: 1.A Account Access | PRD Story #6 | Should-have",,1.A Account Access,Medium,Authentication & Onboarding,MVP,Should,PRD-S6,To Do
Story,"[S102] As a new user, I want to confirm my email with a one-time code after signing up, so that my account is verified.","As a new user, I want to confirm my email with a one-time code after signing up, so that my account is verified. *(Per Design Review 2 — inclusion in v1 still under discussion.)*  ||  Module: Authentication & Onboarding | Epic: 1.A Account Access | PRD Story #102 | Should-have",,1.A Account Access,Medium,Authentication & Onboarding,MVP,Should,PRD-S102,To Do
Story,"[S9] As a new Owner/Rancher, I want a short setup step asking my name, ranch/organization, and state (phone optional), so that the product is set up the right way for me.","As a new Owner/Rancher, I want a short setup step asking my name, ranch/organization, and state (phone optional), so that the product is set up the right way for me.  ||  Module: Authentication & Onboarding | Epic: 1.B Operation Setup Wizard | PRD Story #9 | Must-have",,1.B Operation Setup Wizard,High,Authentication & Onboarding,MVP,Must,PRD-S9,To Do
Story,"[S10] As a new user, I want the setup to be a clear, numbered, multi-step flow (plan → operation → inventory) with visible progress, so that I always know how far along I am.","As a new user, I want the setup to be a clear, numbered, multi-step flow (plan → operation → inventory) with visible progress, so that I always know how far along I am.  ||  Module: Authentication & Onboarding | Epic: 1.B Operation Setup Wizard | PRD Story #10 | Must-have",,1.B Operation Setup Wizard,High,Authentication & Onboarding,MVP,Must,PRD-S10,To Do
Story,"[S11] As a new user, I want a confirmation screen after setup (""You're in!"") that summarizes my plan and points me to set up my profile, so that I feel confident the setup worked.","As a new user, I want a confirmation screen after setup (""You're in!"") that summarizes my plan and points me to set up my profile, so that I feel confident the setup worked.  ||  Module: Authentication & Onboarding | Epic: 1.B Operation Setup Wizard | PRD Story #11 | Must-have",,1.B Operation Setup Wizard,High,Authentication & Onboarding,MVP,Must,PRD-S11,To Do
Story,"[S12] As a new user, I want to be told I can add more ranches and locations later, so that I don't feel I must get everything perfect up front.","As a new user, I want to be told I can add more ranches and locations later, so that I don't feel I must get everything perfect up front.  ||  Module: Authentication & Onboarding | Epic: 1.B Operation Setup Wizard | PRD Story #12 | Should-have",,1.B Operation Setup Wizard,Medium,Authentication & Onboarding,MVP,Should,PRD-S12,To Do
Story,"[S13] As a new user, I want an onboarding step to upload my spreadsheet (CSV/Excel or a Google Sheets export) to import my roster, so that I don't have to add animals one by one.","As a new user, I want an onboarding step to upload my spreadsheet (CSV/Excel or a Google Sheets export) to import my roster, so that I don't have to add animals one by one.  ||  Module: Authentication & Onboarding | Epic: 1.C Initial Roster Import | PRD Story #13 | Must-have",,1.C Initial Roster Import,High,Authentication & Onboarding,MVP,Must,PRD-S13,To Do
Story,"[S14] As a new user, I want to Skip the import step and add animals individually later, so that a messy spreadsheet never blocks me from getting started.","As a new user, I want to **Skip** the import step and add animals individually later, so that a messy spreadsheet never blocks me from getting started.  ||  Module: Authentication & Onboarding | Epic: 1.C Initial Roster Import | PRD Story #14 | Must-have",,1.C Initial Roster Import,High,Authentication & Onboarding,MVP,Must,PRD-S14,To Do
Story,"[S103] As a new user, after import I want a summary that surfaces any detected co-owners/investors in my sheet and lets me send them invites in one step, so that partners get connected right away.","As a new user, after import I want a summary that surfaces any **detected co-owners/investors** in my sheet and lets me send them invites in one step, so that partners get connected right away. *(Per Solution Lab 3.)*  ||  Module: Authentication & Onboarding | Epic: 1.C Initial Roster Import | PRD Story #103 | Should-have",,1.C Initial Roster Import,Medium,Authentication & Onboarding,MVP,Should,PRD-S103,To Do
Story,"[S16] As a user, I want plans to clearly show the yearly charge (with the monthly equivalent) and that I can upgrade anytime, so that I understand the real commitment before paying.","As a user, I want plans to clearly show the **yearly** charge (with the monthly equivalent) and that I can upgrade anytime, so that I understand the real commitment before paying. *(Sharpened per Design Reviews 2–3 — yearly billing must be explicit.)*  ||  Module: Subscription & Billing | Epic: 2.A Plan Selection | PRD Story #16 | Must-have",,2.A Plan Selection,High,Subscription & Billing,MVP,Must,PRD-S16,To Do
Story,"[S18] As a user, I want to toggle between the Owner and Partner plan views, so that I see the pricing relevant to my role.","As a user, I want to toggle between the Owner and Partner plan views, so that I see the pricing relevant to my role.  ||  Module: Subscription & Billing | Epic: 2.A Plan Selection | PRD Story #18 | Must-have",,2.A Plan Selection,High,Subscription & Billing,MVP,Must,PRD-S18,To Do
Story,"[S115] As a hesitant new user, I want a 30-day free trial before I'm charged, so that I can evaluate the product before committing.","As a hesitant new user, I want a **30-day free trial** before I'm charged, so that I can evaluate the product before committing. *(Confirmed call 2026-06-19 — 30 days over 7/15. Note: a trial start is a no-charge entry path, so it co-exists with the Story 19 removal; card-on-file mechanics in Open Q17.)*  ||  Module: Subscription & Billing | Epic: 2.A Plan Selection | PRD Story #115 | Must-have",,2.A Plan Selection,High,Subscription & Billing,MVP,Must,PRD-S115,To Do
Story,"[S20] As a user, I want to confirm my subscription and pay by card, so that I can activate my plan.","As a user, I want to confirm my subscription and pay by card, so that I can activate my plan.  ||  Module: Subscription & Billing | Epic: 2.B Checkout & Payment | PRD Story #20 | Must-have",,2.B Checkout & Payment,High,Subscription & Billing,MVP,Must,PRD-S20,To Do
Story,"[S21] As a user, I want a fast in-app payment — Apple in-app purchase on iOS, or card/Apple Pay on Android & web — so that checkout is quick on my device.","As a user, I want a fast in-app payment — Apple in-app purchase on iOS, or card/Apple Pay on Android & web — so that checkout is quick on my device. *(Reframed per call 2026-06-19: iOS subscriptions use Apple in-app purchase.)*  ||  Module: Subscription & Billing | Epic: 2.B Checkout & Payment | PRD Story #21 | Must-have",,2.B Checkout & Payment,High,Subscription & Billing,MVP,Must,PRD-S21,To Do
Story,"[S22] As a user, I want a clear summary of what I'm paying (""Pro plan — $99, billed yearly"") and reassurance I can cancel anytime, so that I pay with confidence.","As a user, I want a clear summary of what I'm paying (""Pro plan — $99, billed yearly"") and reassurance I can cancel anytime, so that I pay with confidence.  ||  Module: Subscription & Billing | Epic: 2.B Checkout & Payment | PRD Story #22 | Must-have",,2.B Checkout & Payment,High,Subscription & Billing,MVP,Must,PRD-S22,To Do
Story,"[S23] As a user, I want a receipt sent to my email after payment, so that I have a record.","As a user, I want a receipt sent to my email after payment, so that I have a record.  ||  Module: Subscription & Billing | Epic: 2.B Checkout & Payment | PRD Story #23 | Must-have",,2.B Checkout & Payment,High,Subscription & Billing,MVP,Must,PRD-S23,To Do
Story,"[S24] As a user, I want a ""Go back"" option at checkout, so that I can change my plan before paying.","As a user, I want a ""Go back"" option at checkout, so that I can change my plan before paying.  ||  Module: Subscription & Billing | Epic: 2.B Checkout & Payment | PRD Story #24 | Must-have",,2.B Checkout & Payment,High,Subscription & Billing,MVP,Must,PRD-S24,To Do
Story,"[S25] As a user, I want to see how many active animals I'm using against my plan limit (e.g., ""47 / 200"") with a usage bar, so that I know how much room I have.","As a user, I want to see how many active animals I'm using against my plan limit (e.g., ""47 / 200"") with a usage bar, so that I know how much room I have.  ||  Module: Subscription & Billing | Epic: 2.C Usage Limits & Upgrades | PRD Story #25 | Must-have",,2.C Usage Limits & Upgrades,High,Subscription & Billing,MVP,Must,PRD-S25,To Do
Story,"[S26] As a user, when I approach or exceed my active-animal limit I want to be alerted and prompted to upgrade — but never blocked; the action proceeds and any overage is added to my next bill.","As a user, when I approach or exceed my active-animal limit I want to be alerted and prompted to upgrade — but never blocked; the action proceeds and any overage is added to my next bill. *(Updated per Technical Considerations: over-limit is non-blocking with overage billing, not a hard stop.)*  ||  Module: Subscription & Billing | Epic: 2.C Usage Limits & Upgrades | PRD Story #26 | Must-have",,2.C Usage Limits & Upgrades,High,Subscription & Billing,MVP,Must,PRD-S26,To Do
Story,"[S27] As a user, I want to change my plan from settings, so that I can upgrade as my herd grows.","As a user, I want to change my plan from settings, so that I can upgrade as my herd grows.  ||  Module: Subscription & Billing | Epic: 2.C Usage Limits & Upgrades | PRD Story #27 | Must-have",,2.C Usage Limits & Upgrades,High,Subscription & Billing,MVP,Must,PRD-S27,To Do
Story,"[S28] As a user, I want to see my other usage (media storage used, number of team members), so that I understand the full picture of my account.","As a user, I want to see my other usage (media storage used, number of team members), so that I understand the full picture of my account.  ||  Module: Subscription & Billing | Epic: 2.C Usage Limits & Upgrades | PRD Story #28 | Should-have",,2.C Usage Limits & Upgrades,Medium,Subscription & Billing,MVP,Should,PRD-S28,To Do
Story,"[S29] As a user, I want to see a list of all animals I have access to immediately after login, so that the inventory is my home base.","As a user, I want to see a list of all animals I have access to immediately after login, so that the inventory is my home base.  ||  Module: Inventory Management | Epic: 3.A Roster & Search | PRD Story #29 | Must-have",,3.A Roster & Search,High,Inventory Management,MVP,Must,PRD-S29,To Do
Story,"[S30] As a user, I want each animal to appear once and be easy to recognize at a glance (name + Brand ID), so that I trust the list.","As a user, I want each animal to appear once and be easy to recognize at a glance (name + Brand ID), so that I trust the list.  ||  Module: Inventory Management | Epic: 3.A Roster & Search | PRD Story #30 | Must-have",,3.A Roster & Search,High,Inventory Management,MVP,Must,PRD-S30,To Do
Story,"[S31] As a user, I want to search the roster by name, Brand ID, and other key fields, so that I can find an animal without scrolling.","As a user, I want to search the roster by name, Brand ID, and other key fields, so that I can find an animal without scrolling.  ||  Module: Inventory Management | Epic: 3.A Roster & Search | PRD Story #31 | Must-have",,3.A Roster & Search,High,Inventory Management,MVP,Must,PRD-S31,To Do
Story,"[S32] As a user, I want to filter the roster by Type and Status (and more filters), so that I can narrow to the animals I care about.","As a user, I want to filter the roster by Type and Status (and more filters), so that I can narrow to the animals I care about.  ||  Module: Inventory Management | Epic: 3.A Roster & Search | PRD Story #32 | Must-have",,3.A Roster & Search,High,Inventory Management,MVP,Must,PRD-S32,To Do
Story,"[S33] As a user, I want a roster header summary (e.g., ""47 animals on your roster · 39 active · 8 inactive""), so that I understand my herd at a glance.","As a user, I want a roster header summary (e.g., ""47 animals on your roster · 39 active · 8 inactive""), so that I understand my herd at a glance.  ||  Module: Inventory Management | Epic: 3.A Roster & Search | PRD Story #33 | Must-have",,3.A Roster & Search,High,Inventory Management,MVP,Must,PRD-S33,To Do
Story,"[S34] As a user, I want the roster to stay fast and paginated with both small and large numbers of animals, so that performance never gets in my way.","As a user, I want the roster to stay fast and paginated with both small and large numbers of animals, so that performance never gets in my way.  ||  Module: Inventory Management | Epic: 3.A Roster & Search | PRD Story #34 | Must-have",,3.A Roster & Search,High,Inventory Management,MVP,Must,PRD-S34,To Do
Story,"[S35] As a user, I want to export my roster, so that I can use the data outside the product when needed.","As a user, I want to export my roster, so that I can use the data outside the product when needed.  ||  Module: Inventory Management | Epic: 3.A Roster & Search | PRD Story #35 | Should-have",,3.A Roster & Search,Medium,Inventory Management,MVP,Should,PRD-S35,To Do
Story,"[S36] As a user, I want to add a single animal quickly on web or mobile, where the only required fields are Brand ID and birth date, so that I can do it without help.","As a user, I want to add a single animal quickly on web or mobile, where the **only required fields are Brand ID and birth date**, so that I can do it without help. *(Required-field set specified per Solution Lab 2.)*  ||  Module: Inventory Management | Epic: 3.B Add & Edit Animals | PRD Story #36 | Must-have",,3.B Add & Edit Animals,High,Inventory Management,MVP,Must,PRD-S36,To Do
Story,"[S37] As a user, I want a newly added animal to appear in my inventory immediately, so that I trust it was saved.","As a user, I want a newly added animal to appear in my inventory immediately, so that I trust it was saved.  ||  Module: Inventory Management | Epic: 3.B Add & Edit Animals | PRD Story #37 | Must-have",,3.B Add & Edit Animals,High,Inventory Management,MVP,Must,PRD-S37,To Do
Story,"[S38] As a user, I want to edit an animal's details later, so that the record stays accurate over time.","As a user, I want to edit an animal's details later, so that the record stays accurate over time.  ||  Module: Inventory Management | Epic: 3.B Add & Edit Animals | PRD Story #38 | Must-have",,3.B Add & Edit Animals,High,Inventory Management,MVP,Must,PRD-S38,To Do
Story,"[S39] As a user, I want to record ownership and partnership for an animal (primary owner and ownership percentages), so that everyone's stake is documented.","As a user, I want to record ownership and partnership for an animal (primary owner and ownership percentages), so that everyone's stake is documented.  ||  Module: Inventory Management | Epic: 3.B Add & Edit Animals | PRD Story #39 | Must-have",,3.B Add & Edit Animals,High,Inventory Management,MVP,Must,PRD-S39,To Do
Story,"[S104] As a user, I want to set whether the animal is a cow or a bull and optionally record its ABBI number, so that the record reflects sex and registry identity.","As a user, I want to set whether the animal is a **cow or a bull** and optionally record its **ABBI number**, so that the record reflects sex and registry identity. *(Per Solution Lab 2 — ABBI number optional.)*  ||  Module: Inventory Management | Epic: 3.B Add & Edit Animals | PRD Story #104 | Must-have",,3.B Add & Edit Animals,High,Inventory Management,MVP,Must,PRD-S104,To Do
Story,"[S40] As a user, I want selecting an animal to open a dedicated profile, so that I have one place for everything about it.","As a user, I want selecting an animal to open a dedicated profile, so that I have one place for everything about it.  ||  Module: Inventory Management | Epic: 3.C Animal Profile (System of Record) | PRD Story #40 | Must-have",,3.C Animal Profile (System of Record),High,Inventory Management,MVP,Must,PRD-S40,To Do
Story,"[S41] As a user, I want the profile header to show the animal's name, Brand ID, status, and a hero image, so that I instantly recognize the animal.","As a user, I want the profile header to show the animal's name, Brand ID, status, and a hero image, so that I instantly recognize the animal.  ||  Module: Inventory Management | Epic: 3.C Animal Profile (System of Record) | PRD Story #41 | Must-have",,3.C Animal Profile (System of Record),High,Inventory Management,MVP,Must,PRD-S41,To Do
Story,"[S42] As a user, I want an Ownership section showing each owner, their role, and their ownership percentage, so that every stake is clear at a glance.","As a user, I want an Ownership section showing each owner, their role, and their ownership percentage, so that every stake is clear at a glance.  ||  Module: Inventory Management | Epic: 3.C Animal Profile (System of Record) | PRD Story #42 | Must-have",,3.C Animal Profile (System of Record),High,Inventory Management,MVP,Must,PRD-S42,To Do
Story,"[S43] As a user, I want a Lineage section showing sire and dam, so that I and my partners can review bloodline.","As a user, I want a Lineage section showing sire and dam, so that I and my partners can review bloodline.  ||  Module: Inventory Management | Epic: 3.C Animal Profile (System of Record) | PRD Story #43 | Must-have",,3.C Animal Profile (System of Record),High,Inventory Management,MVP,Must,PRD-S43,To Do
Story,"[S95] As a user, I want the profile to be the anchor for all of that animal's media, with a Recent media gallery and a ""view all"", so that media never gets disconnected from the animal.","As a user, I want the profile to be the anchor for all of that animal's media, with a Recent media gallery and a ""view all"", so that media never gets disconnected from the animal.  ||  Module: Inventory Management | Epic: 3.C Animal Profile (System of Record) | PRD Story #95 | Must-have",,3.C Animal Profile (System of Record),High,Inventory Management,MVP,Must,PRD-S95,To Do
Story,"[S96] As a user, I want the profile to remain consistent and identifiable over time, even when ownership changes, so that history is never lost.","As a user, I want the profile to remain consistent and identifiable over time, even when ownership changes, so that history is never lost.  ||  Module: Inventory Management | Epic: 3.C Animal Profile (System of Record) | PRD Story #96 | Must-have",,3.C Animal Profile (System of Record),High,Inventory Management,MVP,Must,PRD-S96,To Do
Story,"[S97] As a user, I want a Performance section with a headline score, so that I can gauge the animal's standing quickly.","As a user, I want a Performance section with a headline score, so that I can gauge the animal's standing quickly.  ||  Module: Inventory Management | Epic: 3.C Animal Profile (System of Record) | PRD Story #97 | Should-have",,3.C Animal Profile (System of Record),Medium,Inventory Management,MVP,Should,PRD-S97,To Do
Story,"[S98] As a user, I want a Competition history list (event, date, score) on the profile, so that I can follow how the animal has performed.","As a user, I want a Competition history list (event, date, score) on the profile, so that I can follow how the animal has performed. *(Earnings/money columns deferred — post-MVP.)*  ||  Module: Inventory Management | Epic: 3.C Animal Profile (System of Record) | PRD Story #98 | Should-have",,3.C Animal Profile (System of Record),Medium,Inventory Management,MVP,Should,PRD-S98,To Do
Story,"[S99] As a user, I want a Notes & comments thread on the profile, so that stakeholders can discuss the animal in context (ties to Story 64).","As a user, I want a Notes & comments thread on the profile, so that stakeholders can discuss the animal in context (ties to Story 64).  ||  Module: Inventory Management | Epic: 3.C Animal Profile (System of Record) | PRD Story #99 | Should-have",,3.C Animal Profile (System of Record),Medium,Inventory Management,MVP,Should,PRD-S99,To Do
Story,"[S100] As a user, I want a quick-actions rail on the profile (add event, update status, upload media), so that I can act without leaving the page.","As a user, I want a quick-actions rail on the profile (add event, update status, upload media), so that I can act without leaving the page.  ||  Module: Inventory Management | Epic: 3.C Animal Profile (System of Record) | PRD Story #100 | Should-have",,3.C Animal Profile (System of Record),Medium,Inventory Management,MVP,Should,PRD-S100,To Do
Story,"[S45] As a user, I want a guided template that tells me what columns are expected, so that my spreadsheet imports cleanly.","As a user, I want a guided template that tells me what columns are expected, so that my spreadsheet imports cleanly.  ||  Module: Inventory Management | Epic: 3.D Bulk Import | PRD Story #45 | Must-have",,3.D Bulk Import,High,Inventory Management,MVP,Must,PRD-S45,To Do
Story,"[S46] As a user, I want the system to flag duplicate or colliding Brand IDs during import and let me resolve them, so that I don't create conflicting records.","As a user, I want the system to flag duplicate or colliding Brand IDs during import and let me resolve them, so that I don't create conflicting records.  ||  Module: Inventory Management | Epic: 3.D Bulk Import | PRD Story #46 | Must-have",,3.D Bulk Import,High,Inventory Management,MVP,Must,PRD-S46,To Do
Story,"[S47] As a user, I want to see which rows imported successfully and which need attention, so that I trust the result and can fix problems.","As a user, I want to see which rows imported successfully and which need attention, so that I trust the result and can fix problems.  ||  Module: Inventory Management | Epic: 3.D Bulk Import | PRD Story #47 | Must-have",,3.D Bulk Import,High,Inventory Management,MVP,Must,PRD-S47,To Do
Story,"[S48] As a user, I want to import from both the onboarding wizard and from inside Inventory later, so that I can grow my roster anytime.","As a user, I want to import from both the onboarding wizard and from inside Inventory later, so that I can grow my roster anytime.  ||  Module: Inventory Management | Epic: 3.D Bulk Import | PRD Story #48 | Should-have",,3.D Bulk Import,Medium,Inventory Management,MVP,Should,PRD-S48,To Do
Story,"[S49] As a user, I want to multi-select animals and update their status in bulk, so that I can manage the herd efficiently.","As a user, I want to multi-select animals and update their status in bulk, so that I can manage the herd efficiently.  ||  Module: Inventory Management | Epic: 3.E Bulk Actions & Lifecycle | PRD Story #49 | Must-have",,3.E Bulk Actions & Lifecycle,High,Inventory Management,MVP,Must,PRD-S49,To Do
Story,"[S50] As a user, I want to multi-select animals to add tags, add them to an event, or change their location in bulk, so that I save time on repetitive actions.","As a user, I want to multi-select animals to add tags, add them to an event, or **change their location** in bulk, so that I save time on repetitive actions. *(Change-location added per Design Review 3 — ""round them up and take them to another field."")*  ||  Module: Inventory Management | Epic: 3.E Bulk Actions & Lifecycle | PRD Story #50 | Must-have",,3.E Bulk Actions & Lifecycle,High,Inventory Management,MVP,Must,PRD-S50,To Do
Story,"[S105] As a user, I want my multi-select to persist as I move between paginated pages, so that I can act on a large set without losing my selection.","As a user, I want my multi-select to **persist as I move between paginated pages**, so that I can act on a large set without losing my selection. *(Per Design Review 2.)*  ||  Module: Inventory Management | Epic: 3.E Bulk Actions & Lifecycle | PRD Story #105 | Must-have",,3.E Bulk Actions & Lifecycle,High,Inventory Management,MVP,Must,PRD-S105,To Do
Story,"[S51] As a user, I want sold/retired animals to remain viewable as ""ghost inventory"" rather than disappearing, so that I keep their history.","As a user, I want sold/retired animals to remain viewable as ""ghost inventory"" rather than disappearing, so that I keep their history.  ||  Module: Inventory Management | Epic: 3.E Bulk Actions & Lifecycle | PRD Story #51 | Must-have",,3.E Bulk Actions & Lifecycle,High,Inventory Management,MVP,Must,PRD-S51,To Do
Story,"[S52] As a user, I want system-critical statuses (Active, Sold, Retired, In Care/Inactive) to be protected from deletion, so that the lifecycle stays consistent.","As a user, I want system-critical statuses (Active, Sold, Retired, In Care/Inactive) to be protected from deletion, so that the lifecycle stays consistent.  ||  Module: Inventory Management | Epic: 3.E Bulk Actions & Lifecycle | PRD Story #52 | Must-have",,3.E Bulk Actions & Lifecycle,High,Inventory Management,MVP,Must,PRD-S52,To Do
Story,"[S53] As a rancher, I want to capture photos and videos with a point-and-shoot camera directly in the app, so that I don't fill up my personal phone storage.","As a rancher, I want to capture photos and videos with a point-and-shoot camera directly in the app, so that I don't fill up my personal phone storage.  ||  Module: Media Management | Epic: 4.A Capture & Upload | PRD Story #53 | Must-have",,4.A Capture & Upload,High,Media Management,MVP,Must,PRD-S53,To Do
Story,"[S54] As a user, I want to upload photos and videos and add external links (YouTube/Instagram/URL) as media, from web and mobile, so that I can add media however I work.","As a user, I want to upload photos and videos and add **external links (YouTube/Instagram/URL)** as media, from web and mobile, so that I can add media however I work. *(External links per Solution Lab 1/2.)*  ||  Module: Media Management | Epic: 4.A Capture & Upload | PRD Story #54 | Must-have",,4.A Capture & Upload,High,Media Management,MVP,Must,PRD-S54,To Do
Story,"[S55] As a user, I want each piece of media to be associated with the correct animal, so that it's never orphaned.","As a user, I want each piece of media to be associated with the correct animal, so that it's never orphaned.  ||  Module: Media Management | Epic: 4.A Capture & Upload | PRD Story #55 | Must-have",,4.A Capture & Upload,High,Media Management,MVP,Must,PRD-S55,To Do
Story,"[S106] As a user, I want to delete media I've uploaded, so that I can remove mistakes or unwanted items.","As a user, I want to **delete media I've uploaded**, so that I can remove mistakes or unwanted items. *(Per Solution Lab 4 — Must.)*  ||  Module: Media Management | Epic: 4.A Capture & Upload | PRD Story #106 | Must-have",,4.A Capture & Upload,High,Media Management,MVP,Must,PRD-S106,To Do
Story,"[S56] As a rancher in a pasture with no signal, I want my captured media and its details saved to a local retry queue, so that nothing is lost.","As a rancher in a pasture with no signal, I want my captured media and its details saved to a local retry queue, so that nothing is lost.  ||  Module: Media Management | Epic: 4.B Offline Reliability | PRD Story #56 | Must-have",,4.B Offline Reliability,High,Media Management,MVP,Must,PRD-S56,To Do
Story,"[S57] As a rancher, I want queued media to upload automatically once I'm back in service, so that I don't have to remember to retry.","As a rancher, I want queued media to upload automatically once I'm back in service, so that I don't have to remember to retry.  ||  Module: Media Management | Epic: 4.B Offline Reliability | PRD Story #57 | Must-have",,4.B Offline Reliability,High,Media Management,MVP,Must,PRD-S57,To Do
Story,"[S58] As a rancher, I want to see the status of pending uploads (queued / uploading / done), so that I trust everything made it.","As a rancher, I want to see the status of pending uploads (queued / uploading / done), so that I trust everything made it.  ||  Module: Media Management | Epic: 4.B Offline Reliability | PRD Story #58 | Must-have",,4.B Offline Reliability,High,Media Management,MVP,Must,PRD-S58,To Do
Story,"[S59] As a user, I want to tag media with the Brand ID and custom tags, so that it's organized and findable.","As a user, I want to tag media with the Brand ID and custom tags, so that it's organized and findable.  ||  Module: Media Management | Epic: 4.C Organize & Find | PRD Story #59 | Must-have",,4.C Organize & Find,High,Media Management,MVP,Must,PRD-S59,To Do
Story,"[S60] As a user, I want to mark each media item Public or Private, so that I control what partners and owners can see.","As a user, I want to mark each media item Public or Private, so that I control what partners and owners can see.  ||  Module: Media Management | Epic: 4.C Organize & Find | PRD Story #60 | Must-have",,4.C Organize & Find,High,Media Management,MVP,Must,PRD-S60,To Do
Story,"[S61] As a user, I want to browse, search, and filter the media gallery (by animal, Brand ID, type), so that I can find footage quickly.","As a user, I want to browse, search, and filter the media gallery (by animal, Brand ID, type), so that I can find footage quickly.  ||  Module: Media Management | Epic: 4.C Organize & Find | PRD Story #61 | Must-have",,4.C Organize & Find,High,Media Management,MVP,Must,PRD-S61,To Do
Story,"[S62] As a user, I want to see all media for a given animal in one place from its profile, so that the animal's record is complete.","As a user, I want to see all media for a given animal in one place from its profile, so that the animal's record is complete.  ||  Module: Media Management | Epic: 4.C Organize & Find | PRD Story #62 | Must-have",,4.C Organize & Find,High,Media Management,MVP,Must,PRD-S62,To Do
Story,"[S63] As a user, I want media items to show key context at a glance (animal name, Brand ID, status, owner, date), so that I can scan the gallery efficiently.","As a user, I want media items to show key context at a glance (animal name, Brand ID, status, owner, date), so that I can scan the gallery efficiently.  ||  Module: Media Management | Epic: 4.C Organize & Find | PRD Story #63 | Should-have",,4.C Organize & Find,Medium,Media Management,MVP,Should,PRD-S63,To Do
Story,"[S107] As a user, I want to mark one photo as an animal's favorite/cover image, so that it represents the animal in roster tables.","As a user, I want to mark one photo as an animal's **favorite/cover image**, so that it represents the animal in roster tables. *(Per Solution Lab 4.)*  ||  Module: Media Management | Epic: 4.C Organize & Find | PRD Story #107 | Should-have",,4.C Organize & Find,Medium,Media Management,MVP,Should,PRD-S107,To Do
Story,"[S108] As a user, I want to gather a set of media and share the collection with a specific contact from the media page, so that I can send footage to a stakeholder directly.","As a user, I want to gather a set of media and **share the collection with a specific contact** from the media page, so that I can send footage to a stakeholder directly. *(Per Design Review 3 — likely post-MVP; see Open Question 12.)*  ||  Module: Media Management | Epic: 4.C Organize & Find | PRD Story #108 | Should-have",,4.C Organize & Find,Medium,Media Management,MVP,Should,PRD-S108,To Do
Story,"[S64] As a partner or owner, I want to leave threaded comments on an animal profile or media item (e.g., ""Looks great today!""), so that I can engage without texting the rancher.","As a partner or owner, I want to leave threaded comments on an animal profile or media item (e.g., ""Looks great today!""), so that I can engage without texting the rancher.  ||  Module: Media Management | Epic: 4.D Comments | PRD Story #64 | Must-have",,4.D Comments,High,Media Management,MVP,Must,PRD-S64,To Do
Story,"[S65] As a user, I want a personalized dashboard showing my key metrics (active animals, upcoming events, sold animals), so that I understand my operation at a glance.","As a user, I want a personalized dashboard showing my key metrics (active animals, upcoming events, sold animals), so that I understand my operation at a glance.  ||  Module: Dashboard & Notifications | Epic: 5.A Home Dashboard | PRD Story #65 | Must-have",,5.A Home Dashboard,High,Dashboard & Notifications,MVP,Must,PRD-S65,To Do
Story,"[S68] As a new user, I want a Day-1 welcome and a setup checklist, so that I know what to do to get fully set up.","As a new user, I want a Day-1 welcome and a setup checklist, so that I know what to do to get fully set up.  ||  Module: Dashboard & Notifications | Epic: 5.A Home Dashboard | PRD Story #68 | Must-have",,5.A Home Dashboard,High,Dashboard & Notifications,MVP,Must,PRD-S68,To Do
Story,"[S69] As a user, I want clear empty states when there's nothing to show, so that the product never feels broken.","As a user, I want clear empty states when there's nothing to show, so that the product never feels broken.  ||  Module: Dashboard & Notifications | Epic: 5.A Home Dashboard | PRD Story #69 | Must-have",,5.A Home Dashboard,High,Dashboard & Notifications,MVP,Must,PRD-S69,To Do
Story,"[S71] As a user with more than one location, I want to switch the dashboard's location context, so that I can focus on one operation at a time.","As a user with more than one location, I want to switch the dashboard's location context, so that I can focus on one operation at a time. *(Ranch → location per Solution Lab 4 / Design Review 2.)*  ||  Module: Dashboard & Notifications | Epic: 5.A Home Dashboard | PRD Story #71 | Should-have",,5.A Home Dashboard,Medium,Dashboard & Notifications,MVP,Should,PRD-S71,To Do
Story,"[S72] As a rancher, I want stakeholders to be notified automatically when I post public media or a notable update, so that I no longer have to text and email everyone.","As a rancher, I want stakeholders to be notified automatically when I post public media or a notable update, so that I no longer have to text and email everyone.  ||  Module: Dashboard & Notifications | Epic: 5.B Stakeholder Notifications | PRD Story #72 | Must-have",,5.B Stakeholder Notifications,High,Dashboard & Notifications,MVP,Must,PRD-S72,To Do
Story,"[S73] As a partner/owner, I want to receive a notification (push, SMS, or email) when there's an update on an animal I'm associated with, so that I stay informed without asking.","As a partner/owner, I want to receive a notification (push, SMS, or email) when there's an update on an animal I'm associated with, so that I stay informed without asking.  ||  Module: Dashboard & Notifications | Epic: 5.B Stakeholder Notifications | PRD Story #73 | Must-have",,5.B Stakeholder Notifications,High,Dashboard & Notifications,MVP,Must,PRD-S73,To Do
Story,"[S74] As a user, I want notifications to respect an animal's Public/Private visibility, so that private media never triggers a broadcast.","As a user, I want notifications to respect an animal's Public/Private visibility, so that private media never triggers a broadcast.  ||  Module: Dashboard & Notifications | Epic: 5.B Stakeholder Notifications | PRD Story #74 | Should-have",,5.B Stakeholder Notifications,Medium,Dashboard & Notifications,MVP,Should,PRD-S74,To Do
Story,"[S75] As a user, I want to see upcoming and past events in separate tabs with date, name, location, and associated animals, so that I can plan and review.","As a user, I want to see upcoming and past events in separate tabs with date, name, location, and associated animals, so that I can plan and review.  ||  Module: Events & Competitions | Epic: 6.A Event Roster | PRD Story #75 | Must-have",,6.A Event Roster,High,Events & Competitions,MVP,Must,PRD-S75,To Do
Story,"[S76] As a user, I want to add an event manually, so that my calendar reflects reality.","As a user, I want to add an event manually, so that my calendar reflects reality.  ||  Module: Events & Competitions | Epic: 6.A Event Roster | PRD Story #76 | Must-have",,6.A Event Roster,High,Events & Competitions,MVP,Must,PRD-S76,To Do
Story,"[S77] As a user, I want to associate animals with an event (including bulk ""add to event"" from Inventory), so that I track which animals are competing where.","As a user, I want to associate animals with an event (including bulk ""add to event"" from Inventory), so that I track which animals are competing where.  ||  Module: Events & Competitions | Epic: 6.A Event Roster | PRD Story #77 | Must-have",,6.A Event Roster,High,Events & Competitions,MVP,Must,PRD-S77,To Do
Story,"[S78] As a user, I want to import and export events, so that I can move data in and out efficiently.","As a user, I want to import and export events, so that I can move data in and out efficiently.  ||  Module: Events & Competitions | Epic: 6.A Event Roster | PRD Story #78 | Must-have",,6.A Event Roster,High,Events & Competitions,MVP,Must,PRD-S78,To Do
Story,"[S112] As a user, I want event data pulled in from the external event source (via extraction/scraping), so that I don't have to enter every event by hand.","As a user, I want event data pulled in from the external event source (via extraction/scraping), so that I don't have to enter every event by hand. *(Moved into MVP per Solution Lab 4; no event API exists — see Open Question 13.)*  ||  Module: Events & Competitions | Epic: 6.A Event Roster | PRD Story #112 | Must-have",,6.A Event Roster,High,Events & Competitions,MVP,Must,PRD-S112,To Do
Story,"[S79] As a user, I want events to be paginated and searchable, so that a long history stays manageable.","As a user, I want events to be paginated and searchable, so that a long history stays manageable.  ||  Module: Events & Competitions | Epic: 6.A Event Roster | PRD Story #79 | Should-have",,6.A Event Roster,Medium,Events & Competitions,MVP,Should,PRD-S79,To Do
Story,"[S111] As a mobile user side-scrolling the events table, I want the date column to stay sticky, so that rows stay readable.","As a mobile user side-scrolling the events table, I want the **date column to stay sticky**, so that rows stay readable. *(UI behavior per Design Review 3.)*  ||  Module: Events & Competitions | Epic: 6.A Event Roster | PRD Story #111 | Should-have",,6.A Event Roster,Medium,Events & Competitions,MVP,Should,PRD-S111,To Do
Story,"[S80] As a user, I want to log that an animal competed at an event, so that its participation is recorded.","As a user, I want to log that an animal competed at an event, so that its participation is recorded.  ||  Module: Events & Competitions | Epic: 6.B Competition Tracking | PRD Story #80 | Must-have",,6.B Competition Tracking,High,Events & Competitions,MVP,Must,PRD-S80,To Do
Story,"[S81] As a partner/owner, I want competition activity to appear in Recent Activity and on the animal's profile, so that I can follow performance.","As a partner/owner, I want competition activity to appear in Recent Activity and on the animal's profile, so that I can follow performance.  ||  Module: Events & Competitions | Epic: 6.B Competition Tracking | PRD Story #81 | Must-have",,6.B Competition Tracking,High,Events & Competitions,MVP,Must,PRD-S81,To Do
Story,"[S83] As a user, I want to edit my profile (photo, name, contact email), so that my account reflects who I am.","As a user, I want to edit my profile (photo, name, contact email), so that my account reflects who I am.  ||  Module: Settings & Configuration | Epic: 7.A Profile & Location | PRD Story #83 | Must-have",,7.A Profile & Location,High,Settings & Configuration,MVP,Must,PRD-S83,To Do
Story,"[S84] As a user, I want to edit my operation details (name, state, phone, website), so that my operation info is correct.","As a user, I want to edit my operation details (name, state, phone, website), so that my operation info is correct.  ||  Module: Settings & Configuration | Epic: 7.A Profile & Location | PRD Story #84 | Must-have",,7.A Profile & Location,High,Settings & Configuration,MVP,Must,PRD-S84,To Do
Story,"[S113] As a user, I want to manage my locations (the places I keep animals), so that inventory and ""change location"" reflect reality.","As a user, I want to manage my **locations** (the places I keep animals), so that inventory and ""change location"" reflect reality. *(Replaces the cut Ranch page — per Solution Lab 4.)*  ||  Module: Settings & Configuration | Epic: 7.A Profile & Location | PRD Story #113 | Must-have",,7.A Profile & Location,High,Settings & Configuration,MVP,Must,PRD-S113,To Do
Story,"[S114] As a user, I want a unique Ranch ID in my settings, so that partners can be linked to my ranch across operations.","As a user, I want a unique **Ranch ID** in my settings, so that partners can be linked to my ranch across operations. *(Per Design Review 3.)*  ||  Module: Settings & Configuration | Epic: 7.A Profile & Location | PRD Story #114 | Must-have",,7.A Profile & Location,High,Settings & Configuration,MVP,Must,PRD-S114,To Do
Story,"[S86] As a user, I want to customize animal types (Bull, Cow, Heifer, Calf, Embryos, …), so that the roster matches my operation.","As a user, I want to customize animal types (Bull, Cow, Heifer, Calf, **Embryos**, …), so that the roster matches my operation. *(Embryos per Solution Lab 3.)*  ||  Module: Settings & Configuration | Epic: 7.B Roster Taxonomy | PRD Story #86 | Must-have",,7.B Roster Taxonomy,High,Settings & Configuration,MVP,Must,PRD-S86,To Do
Story,"[S87] As a user, I want to customize animal statuses, so that the lifecycle labels fit how I work.","As a user, I want to customize animal statuses, so that the lifecycle labels fit how I work.  ||  Module: Settings & Configuration | Epic: 7.B Roster Taxonomy | PRD Story #87 | Must-have",,7.B Roster Taxonomy,High,Settings & Configuration,MVP,Must,PRD-S87,To Do
Story,"[S88] As a user, I want to manage bloodlines/custom labels, so that lineage is consistent across my animals.","As a user, I want to manage bloodlines/custom labels, so that lineage is consistent across my animals.  ||  Module: Settings & Configuration | Epic: 7.B Roster Taxonomy | PRD Story #88 | Must-have",,7.B Roster Taxonomy,High,Settings & Configuration,MVP,Must,PRD-S88,To Do
Story,"[S89] As a user, I want system-critical statuses and basic types to be protected from deletion, so that core lifecycle behavior stays intact.","As a user, I want system-critical **statuses and basic types** to be protected from deletion, so that core lifecycle behavior stays intact. *(Locked basic types added per Design Review 3.)*  ||  Module: Settings & Configuration | Epic: 7.B Roster Taxonomy | PRD Story #89 | Must-have",,7.B Roster Taxonomy,High,Settings & Configuration,MVP,Must,PRD-S89,To Do
Story,"[S90] As a user, I want a partner directory listing everyone with access — their name, email, phone, role, animal count, and status (Active/Pending), so that I know who's involved.","As a user, I want a partner directory listing everyone with access — their name, email, phone, role, animal count, and status (Active/Pending), so that I know who's involved.  ||  Module: Settings & Configuration | Epic: 7.C Partners & Permissions | PRD Story #90 | Must-have",,7.C Partners & Permissions,High,Settings & Configuration,MVP,Must,PRD-S90,To Do
Story,"[S91] As a user, I want to invite partners by email/SMS from the directory, so that I can grant access quickly.","As a user, I want to invite partners by email/SMS from the directory, so that I can grant access quickly.  ||  Module: Settings & Configuration | Epic: 7.C Partners & Permissions | PRD Story #91 | Must-have",,7.C Partners & Permissions,High,Settings & Configuration,MVP,Must,PRD-S91,To Do
Story,"[S92] As a user, I want roles (Rancher, Owner, Partner) to map to a clear permissions matrix (e.g., partners are read-only and own-only), so that people only see and do what they should.","As a user, I want roles (Rancher, Owner, Partner) to map to a clear permissions matrix (e.g., partners are read-only and own-only), so that people only see and do what they should.  ||  Module: Settings & Configuration | Epic: 7.C Partners & Permissions | PRD Story #92 | Must-have",,7.C Partners & Permissions,High,Settings & Configuration,MVP,Must,PRD-S92,To Do
Story,"[S93] As a user adding an animal, I want to assign an existing partner — or add and invite a new one inline if they're not in the list — so that ownership is captured at the moment I record the animal.","As a user adding an animal, I want to assign an existing partner — or add and invite a new one inline if they're not in the list — so that ownership is captured at the moment I record the animal.  ||  Module: Settings & Configuration | Epic: 7.C Partners & Permissions | PRD Story #93 | Must-have",,7.C Partners & Permissions,High,Settings & Configuration,MVP,Must,PRD-S93,To Do
Story,"[S94] As a user, I want to view and change my subscription and payment method from settings, so that I can manage billing in one place.","As a user, I want to view and change my subscription and payment method from settings, so that I can manage billing in one place. *(Detailed in Module 2.)*  ||  Module: Settings & Configuration | Epic: 7.D Subscription Management | PRD Story #94 | Must-have",,7.D Subscription Management,High,Settings & Configuration,MVP,Must,PRD-S94,To Do
